ulke,yil,nufus,gsyh,co2_milyon_ton,co2_kisi_basi,co2_gsyh_basi,enerji_kisi_basi,sicaklik_degisimi
Brezilya,1950,53408551.0,119498713953.0,19.659,0.368,0.165,,0.008
Brezilya,1951,55018849.0,125334815718.0,21.659,0.394,0.173,,0.008
Brezilya,1952,56694872.0,134544281777.0,24.934,0.44,0.185,,0.009
Brezilya,1953,58433756.0,140888047523.0,25.218,0.432,0.179,,0.009
Brezilya,1954,60235125.0,151832712656.0,29.676,0.493,0.195,,0.009
Brezilya,1955,62101393.0,165244237890.0,34.024,0.548,0.206,,0.01
Brezilya,1956,64033997.0,170024683125.0,36.608,0.572,0.215,,0.01
Brezilya,1957,66031498.0,183084423046.0,35.977,0.545,0.197,,0.011
Brezilya,1958,68092148.0,202937298867.0,39.054,0.574,0.192,,0.011
Brezilya,1959,70214470.0,222726630328.0,39.017,0.556,0.175,,0.011
Brezilya,1960,72388124.0,243618972875.0,46.852,0.647,0.192,,0.012
Brezilya,1961,74605442.0,264690940898.0,49.135,0.659,0.186,,0.012
Brezilya,1962,76865322.0,282182178609.0,53.611,0.697,0.19,,0.013
Brezilya,1963,79164237.0,283741047460.0,55.519,0.701,0.196,,0.013
Brezilya,1964,81488598.0,293385651687.0,56.621,0.695,0.193,,0.014
Brezilya,1965,83817586.0,300547041906.0,56.273,0.671,0.187,3267.448,0.014
Brezilya,1966,86139356.0,320583718312.0,64.154,0.745,0.2,3468.567,0.015
Brezilya,1967,88446119.0,334149068085.0,66.022,0.746,0.198,3500.2,0.015
Brezilya,1968,90741243.0,366804798046.0,77.21,0.851,0.21,3895.539,0.016
Brezilya,1969,93045768.0,401601726554.0,84.072,0.904,0.209,4146.475,0.016
Brezilya,1970,95375656.0,443496716015.0,93.467,0.98,0.211,4887.167,0.017
Brezilya,1971,97739280.0,493683360000.0,102.314,1.047,0.207,5176.854,0.017
Brezilya,1972,100146794.0,552789520000.0,113.992,1.138,0.206,5817.811,0.018
Brezilya,1973,102600970.0,629980118000.0,132.029,1.287,0.21,6703.924,0.018
Brezilya,1974,105089675.0,681263712000.0,142.981,1.361,0.21,7254.19,0.019
Brezilya,1975,107619567.0,716641578000.0,150.287,1.396,0.21,7457.292,0.02
Brezilya,1976,110213353.0,790037637000.0,154.562,1.402,0.196,7965.411,0.02
Brezilya,1977,112875287.0,828975504000.0,162.314,1.438,0.196,8330.01,0.021
Brezilya,1978,115600943.0,870261975000.0,177.061,1.532,0.203,8972.107,0.021
Brezilya,1979,118380819.0,929101336000.0,187.728,1.586,0.202,9475.116,0.022
Brezilya,1980,121207451.0,1014791980000.0,186.127,1.536,0.183,9554.172,0.023
Brezilya,1981,124063113.0,971272328000.0,171.262,1.38,0.176,9034.091,0.023
Brezilya,1982,126923156.0,978935436000.0,171.439,1.351,0.175,9301.312,0.024
Brezilya,1983,129790081.0,950507880000.0,165.851,1.278,0.174,9202.626,0.025
Brezilya,1984,132658861.0,1001891162000.0,167.524,1.263,0.167,9625.038,0.025
Brezilya,1985,135515593.0,1080097284000.0,180.065,1.329,0.167,10099.972,0.026
Brezilya,1986,138336371.0,1160963076000.0,197.183,1.425,0.17,10427.861,0.027
Brezilya,1987,141104946.0,1201712854000.0,205.912,1.459,0.171,10499.386,0.028
Brezilya,1988,143826357.0,1200534790000.0,207.64,1.444,0.173,10742.801,0.028
Brezilya,1989,146502975.0,1238775447000.0,212.016,1.447,0.171,10795.25,0.029
Brezilya,1990,149143223.0,1185475140000.0,218.658,1.466,0.184,10479.675,0.03
Brezilya,1991,151724253.0,1213090136106.0,229.394,1.512,0.189,10703.902,0.031
Brezilya,1992,154275077.0,1221828516629.0,233.601,1.514,0.191,10708.817,0.031
Brezilya,1993,156794574.0,1298220757545.0,244.306,1.558,0.188,11035.176,0.032
Brezilya,1994,159265011.0,1391783970549.0,254.002,1.595,0.183,11345.266,0.033
Brezilya,1995,161735079.0,1468835128486.0,268.678,1.661,0.183,11828.174,0.034
Brezilya,1996,164202549.0,1520364859776.0,289.311,1.762,0.19,12366.625,0.035
Brezilya,1997,166661662.0,1591956040321.0,306.949,1.842,0.193,12895.613,0.036
Brezilya,1998,169159651.0,1617675773756.0,317.359,1.876,0.196,13238.571,0.037
Brezilya,1999,171641544.0,1645887982219.0,327.256,1.907,0.199,13225.068,0.038
Brezilya,2000,174018278.0,1739728033832.0,340.183,1.955,0.196,13586.246,0.039
Brezilya,2001,176301201.0,1785513006345.0,346.166,1.963,0.194,13068.835,0.04
Brezilya,2002,178503485.0,1861742323845.0,347.765,1.948,0.187,13173.609,0.041
Brezilya,2003,180622688.0,1904932706436.0,344.645,1.908,0.181,13211.707,0.043
Brezilya,2004,182675144.0,2038447931287.0,361.434,1.979,0.177,13703.958,0.044
Brezilya,2005,184688101.0,2129214530430.0,364.371,1.973,0.171,13910.277,0.045
Brezilya,2006,186653099.0,2240805319046.0,368.871,1.976,0.165,14152.363,0.046
Brezilya,2007,188552311.0,2405626901513.0,390.573,2.071,0.162,14905.908,0.047
Brezilya,2008,190367297.0,2559842659987.0,412.638,2.168,0.161,15424.676,0.048
Brezilya,2009,192079958.0,2589568436235.0,389.775,2.029,0.151,15230.74,0.049
Brezilya,2010,193701931.0,2820492538862.0,440.269,2.273,0.156,16462.07,0.049
Brezilya,2011,195284736.0,2968455007203.0,461.911,2.365,0.156,16981.988,0.05
Brezilya,2012,196876113.0,3025484250011.0,497.468,2.527,0.164,17312.078,0.051
Brezilya,2013,198478290.0,3116394665745.0,531.569,2.678,0.171,17638.982,0.052
Brezilya,2014,200085126.0,3132099937531.0,556.526,2.781,0.178,17870.57,0.053
Brezilya,2015,201675534.0,3021043246476.0,528.174,2.619,0.175,17530.328,0.054
Brezilya,2016,203218108.0,2922076150345.0,491.745,2.42,0.168,16983.99,0.054
Brezilya,2017,204703440.0,2960731613785.0,497.255,2.429,0.168,16988.619,0.055
Brezilya,2018,206107265.0,3013541086239.0,476.601,2.312,0.158,16915.357,0.056
Brezilya,2019,207455459.0,3050327159562.0,476.724,2.298,0.156,17194.145,0.057
Brezilya,2020,208660845.0,2950377451264.0,447.999,2.147,0.152,16401.875,0.058
Brezilya,2021,209550291.0,3097565215045.0,496.562,2.37,0.16,17089.926,0.059
Brezilya,2022,210306411.0,3187412907763.0,480.058,2.283,0.151,17744.193,0.06
Brezilya,2023,211140731.0,,483.992,2.292,,18252.027,0.06
Brezilya,2024,211998565.0,,483.012,2.278,,18486.229,0.061
Çin,1950,544044355.0,436905185000.0,78.835,0.145,0.18,,0.012
Çin,1951,553758251.0,529606000000.0,102.115,0.184,0.193,,0.012
Çin,1952,565131435.0,595648770000.0,128.003,0.227,0.215,,0.013
Çin,1953,577557140.0,672668230000.0,133.786,0.232,0.199,,0.013
Çin,1954,590113859.0,624480190000.0,160.881,0.273,0.258,,0.014
Çin,1955,603547014.0,681084945000.0,190.521,0.316,0.28,,0.014
Çin,1956,616558585.0,738921885000.0,215.828,0.35,0.292,,0.015
Çin,1957,630356210.0,761702560000.0,255.789,0.406,0.336,,0.015
Çin,1958,644219478.0,766244655000.0,524.624,0.814,0.685,,0.016
Çin,1959,652708211.0,743927585000.0,720.163,1.103,0.968,,0.016
Çin,1960,654802068.0,705092990000.0,798.811,1.22,1.133,,0.017
Çin,1961,655773484.0,577128420000.0,570.641,0.87,0.989,,0.017
Çin,1962,665073690.0,616503020000.0,459.625,0.691,0.746,,0.018
Çin,1963,684552646.0,705534390000.0,456.787,0.667,0.647,,0.018
Çin,1964,704798263.0,804504960000.0,460.644,0.654,0.573,,0.019
Çin,1965,723415737.0,896126805000.0,500.294,0.692,0.558,2123.529,0.02
Çin,1966,742402206.0,927339400000.0,549.467,0.74,0.593,2248.522,0.02
Çin,1967,761026025.0,933378350000.0,460.233,0.605,0.493,1972.427,0.021
Çin,1968,781011030.0,912372780000.0,495.514,0.634,0.543,1941.965,0.021
Çin,1969,802140341.0,1006175600000.0,607.694,0.758,0.604,2300.328,0.022
Çin,1970,823308964.0,1144004370000.0,807.964,0.981,0.706,2868.545,0.023
Çin,1971,844069870.0,1216237830000.0,909.21,1.077,0.748,3317.408,0.023
Çin,1972,863677810.0,1233564930000.0,968.636,1.122,0.785,3495.327,0.024
Çin,1973,882576945.0,1334375220000.0,1008.269,1.142,0.756,3610.895,0.025
Çin,1974,900307580.0,1367631650000.0,1028.063,1.142,0.752,3650.71,0.026
Çin,1975,916116796.0,1460733630000.0,1183.154,1.291,0.81,4017.437,0.027
Çin,1976,930372293.0,1413710515000.0,1226.339,1.318,0.867,4164.813,0.028
Çin,1977,943546374.0,1493489265000.0,1340.715,1.421,0.898,4477.948,0.029
Çin,1978,956161482.0,1667551760000.0,1492.517,1.561,0.895,4844.404,0.03
Çin,1979,969288071.0,1801380295000.0,1525.417,1.574,0.847,4923.021,0.031
Çin,1980,983163540.0,1893783550000.0,1494.298,1.52,0.789,4910.204,0.032
Çin,1981,997721072.0,1949955282000.0,1476.28,1.48,0.757,4774.731,0.033
Çin,1982,1013588177.0,2128597968000.0,1606.239,1.585,0.755,4910.15,0.034
Çin,1983,1029064952.0,2278862376000.0,1693.747,1.646,0.743,5148.07,0.036
Çin,1984,1043849645.0,2534000300000.0,1844.213,1.767,0.728,5446.325,0.037
Çin,1985,1059807818.0,2752673760000.0,1997.193,1.884,0.726,5803.289,0.038
Çin,1986,1077233607.0,2931538920000.0,2103.43,1.953,0.718,5982.088,0.039
Çin,1987,1096217445.0,3177306585000.0,2256.629,2.059,0.71,6340.201,0.04
Çin,1988,1115244168.0,3354463350000.0,2424.444,2.174,0.723,6695.495,0.042
Çin,1989,1133991006.0,3380560300000.0,2462.15,2.171,0.728,6910.493,0.043
Çin,1990,1153582725.0,3385121670000.0,2483.534,2.153,0.734,6881.387,0.044
Çin,1991,1170788533.0,3508948004345.0,2619.143,2.237,0.746,7121.363,0.046
Çin,1992,1184574236.0,3755037703201.0,2731.29,2.306,0.727,7406.634,0.047
Çin,1993,1197308574.0,4126169229667.0,2914.284,2.434,0.706,7899.078,0.049
Çin,1994,1209003099.0,4438753488140.0,3093.891,2.559,0.697,8311.651,0.05
Çin,1995,1220133929.0,4809999898743.0,3351.197,2.747,0.697,8484.854,0.052
Çin,1996,1230944809.0,5127589598793.0,3499.311,2.843,0.682,8861.039,0.054
Çin,1997,1241139623.0,5291338914515.0,3512.35,2.83,0.664,8847.622,0.056
Çin,1998,1250847122.0,5338703042331.0,3355.336,2.682,0.628,8794.493,0.057
Çin,1999,1260176650.0,5578503091801.0,3549.949,2.817,0.636,9035.296,0.059
Çin,2000,1269581174.0,5952682232028.0,3643.81,2.87,0.612,9294.628,0.061
Çin,2001,1278725061.0,6329737256820.0,3724.114,2.912,0.588,9751.95,0.063
Çin,2002,1286866835.0,6814493895929.0,4098.181,3.185,0.601,10553.145,0.065
Çin,2003,1294517323.0,7248623080792.0,4835.251,3.735,0.667,12219.811,0.067
Çin,2004,1302100316.0,7830953177799.0,5210.961,4.002,0.665,14214.832,0.069
Çin,2005,1310027135.0,8602939667333.0,5881.991,4.49,0.684,16050.938,0.072
Çin,2006,1318054030.0,9489543138489.0,6486.185,4.921,0.684,17486.639,0.075
Çin,2007,1325813576.0,10358206113742.0,6974.663,5.261,0.673,18893.74,0.078
Çin,2008,1333821011.0,10799148337884.0,7492.404,5.617,0.694,19508.211,0.082
Çin,2009,1342522717.0,11572544299171.0,7881.491,5.871,0.681,20229.75,0.085
Çin,2010,1351561505.0,12858808500983.0,8610.048,6.37,0.67,21497.809,0.089
Çin,2011,1360250658.0,13691526496125.0,9520.153,6.999,0.695,23037.326,0.094
Çin,2012,1369520866.0,14773157494771.0,9767.311,7.132,0.661,23821.602,0.098
Çin,2013,1379008040.0,15925464549520.0,9942.371,7.21,0.624,24548.49,0.102
Çin,2014,1387951970.0,17103948867278.0,9976.027,7.188,0.583,25021.807,0.107
Çin,2015,1396134171.0,18301224436466.0,9858.04,7.061,0.539,25166.627,0.111
Çin,2016,1404052628.0,19545709173693.0,9748.175,6.943,0.499,25125.633,0.116
Çin,2017,1412354730.0,20894362082435.0,10000.014,7.08,0.479,25949.135,0.12
Çin,2018,1419008954.0,22294284747546.0,10346.79,7.292,0.464,27068.061,0.125
Çin,2019,1423520357.0,23631941251482.0,10713.515,7.526,0.453,28231.928,0.129
Çin,2020,1426106093.0,24151843898871.0,10896.521,7.641,0.451,29095.936,0.134
Çin,2021,1426437269.0,26180600167672.0,11284.401,7.911,0.431,30738.947,0.139
Çin,2022,1425179562.0,26966016991166.0,11711.808,8.218,0.434,31235.707,0.144
Çin,2023,1422584930.0,,12172.009,8.556,,33089.07,0.15
Çin,2024,1419321284.0,,12289.037,8.658,,34514.457,0.155
Almanya,1950,69847778.0,422965091953.0,510.499,7.309,1.207,,0.014
Almanya,1951,69782050.0,461743918375.0,576.631,8.263,1.249,,0.014
Almanya,1952,69826948.0,501792181828.0,610.757,8.747,1.217,,0.014
Almanya,1953,69935116.0,543743732343.0,623.25,8.912,1.146,,0.015
Almanya,1954,70104621.0,584376932156.0,659.494,9.407,1.129,,0.015
Almanya,1955,70334149.0,648607430625.0,723.231,10.283,1.115,,0.015
Almanya,1956,70613897.0,695152368843.0,765.942,10.847,1.102,,0.015
Almanya,1957,71088145.0,734905339593.0,777.666,10.939,1.058,,0.016
Almanya,1958,71694674.0,767711393867.0,756.119,10.546,0.985,,0.016
Almanya,1959,72241718.0,823838461875.0,755.483,10.458,0.917,,0.016
Almanya,1960,72811635.0,890210010796.0,813.602,11.174,0.914,,0.017
Almanya,1961,73376114.0,926835906445.0,834.506,11.373,0.9,,0.017
Almanya,1962,73997000.0,966424869859.0,882.843,11.931,0.914,,0.018
Almanya,1963,74698003.0,993706226179.0,945.242,12.654,0.951,,0.018
Almanya,1964,75313480.0,1054006883218.0,968.632,12.861,0.919,,0.018
Almanya,1965,75966968.0,1107504064578.0,959.842,12.635,0.867,39086.637,0.019
Almanya,1966,76611025.0,1140349155937.0,951.155,12.415,0.834,38858.652,0.019
Almanya,1967,76970794.0,1143923059359.0,936.013,12.161,0.818,38578.676,0.02
Almanya,1968,77321280.0,1204136496632.0,984.582,12.734,0.818,41003.105,0.02
Almanya,1969,77944022.0,1283751483890.0,1051.803,13.494,0.819,43874.797,0.021
Almanya,1970,78205103.0,1343859725507.0,1025.802,13.117,0.763,46173.668,0.021
Almanya,1971,78345876.0,1383509131023.0,1037.079,13.237,0.75,46506.047,0.022
Almanya,1972,78719924.0,1440601389742.0,1041.356,13.229,0.723,47894.137,0.022
Almanya,1973,78966975.0,1505896472437.0,1085.603,13.748,0.721,50493.945,0.022
Almanya,1974,78996691.0,1518360951937.0,1062.511,13.45,0.7,49597.359,0.023
Almanya,1975,78701861.0,1510149923703.0,1002.286,12.735,0.664,47833.277,0.023
Almanya,1976,78364503.0,1583048234281.0,1090.808,13.92,0.689,51259.234,0.024
Almanya,1977,78185560.0,1628636036117.0,1052.513,13.462,0.646,51252.312,0.024
Almanya,1978,78115357.0,1674283009992.0,1079.067,13.814,0.644,53154.422,0.025
Almanya,1979,78147898.0,1741603152539.0,1117.745,14.303,0.642,56084.793,0.025
Almanya,1980,78315373.0,1761467996906.0,1099.901,14.045,0.624,54130.273,0.026
Almanya,1981,78448044.0,1768196429703.0,1048.362,13.364,0.593,52356.098,0.026
Almanya,1982,78393670.0,1753143244687.0,1015.5,12.954,0.579,50546.055,0.027
Almanya,1983,78224137.0,1784298628750.0,1011.436,12.93,0.567,51371.758,0.027
Almanya,1984,77998197.0,1834585161062.0,1033.017,13.244,0.563,53424.191,0.028
Almanya,1985,77863423.0,1874769842531.0,1043.913,13.407,0.557,55100.695,0.028
Almanya,1986,77923806.0,1916181384234.0,1047.234,13.439,0.547,54600.461,0.029
Almanya,1987,78062321.0,1945055815890.0,1032.267,13.224,0.531,54971.184,0.029
Almanya,1988,78385992.0,2009989460679.0,1028.702,13.124,0.512,54930.293,0.029
Almanya,1989,79007062.0,2075675216851.0,1008.565,12.766,0.486,53921.629,0.03
Almanya,1990,79707963.0,2015547498359.0,1054.796,13.233,0.523,52600.035,0.03
Almanya,1991,80303190.0,2141316417831.0,1016.93,12.664,0.475,50939.98,0.031
Almanya,1992,80934901.0,2204952392823.0,969.464,11.978,0.44,49537.809,0.031
Almanya,1993,81486771.0,2206290854718.0,959.386,11.774,0.435,48983.738,0.032
Almanya,1994,81773613.0,2283952742009.0,943.228,11.535,0.413,48355.109,0.032
Almanya,1995,82019890.0,2347761113534.0,939.934,11.46,0.4,48461.355,0.033
Almanya,1996,82263195.0,2391519573153.0,959.69,11.666,0.401,49911.09,0.033
Almanya,1997,82389631.0,2461046373781.0,931.508,11.306,0.379,49195.352,0.033
Almanya,1998,82011933.0,2535903706522.0,923.499,11.261,0.364,49012.766,0.034
Almanya,1999,81678279.0,2613176576967.0,895.442,10.963,0.343,48526.492,0.034
Almanya,2000,81797255.0,2718560455818.0,898.976,10.99,0.331,48756.883,0.035
Almanya,2001,81933882.0,2793373055251.0,915.255,11.171,0.328,49586.312,0.035
Almanya,2002,82068328.0,2822441773260.0,898.834,10.952,0.318,48882.719,0.035
Almanya,2003,82111619.0,2831676106520.0,894.501,10.894,0.316,48841.699,0.036
Almanya,2004,82092706.0,2894624877966.0,876.57,10.678,0.303,48845.914,0.036
Almanya,2005,82046733.0,2945460930734.0,867.88,10.578,0.295,48297.293,0.037
Almanya,2006,81701971.0,3086359147617.0,886.434,10.85,0.287,49722.023,0.037
Almanya,2007,81298546.0,3220275669650.0,846.153,10.408,0.263,47890.441,0.037
Almanya,2008,81110780.0,3289020399474.0,856.643,10.561,0.26,48509.781,0.038
Almanya,2009,80935276.0,3136502162046.0,789.984,9.761,0.252,45618.898,0.038
Almanya,2010,80830916.0,3301123203586.0,826.705,10.228,0.25,47595.047,0.039
Almanya,2011,80857877.0,3467712967640.0,804.542,9.95,0.232,45890.207,0.039
Almanya,2012,80916391.0,3482225441398.0,814.093,10.061,0.234,46491.398,0.039
Almanya,2013,81041581.0,3497463140441.0,831.746,10.263,0.238,47734.965,0.04
Almanya,2014,81376078.0,3574741315261.0,792.584,9.74,0.222,45596.504,0.04
Almanya,2015,82077546.0,3628073946157.0,800.823,9.757,0.221,46064.484,0.04
Almanya,2016,82760102.0,3708979940863.0,797.988,9.642,0.215,46416.703,0.041
Almanya,2017,83104010.0,3808389445530.0,784.595,9.441,0.206,47525.457,0.041
Almanya,2018,83368507.0,3845758522294.0,758.771,9.101,0.197,46125.492,0.041
Almanya,2019,83559184.0,3886392581475.0,708.649,8.481,0.182,44922.695,0.042
Almanya,2020,83628711.0,3742721113842.0,647.177,7.739,0.173,41838.684,0.042
Almanya,2021,83697080.0,3841041747482.0,677.998,8.101,0.177,42994.242,0.042
Almanya,2022,84086227.0,3909612753939.0,667.843,7.942,0.171,41094.125,0.043
Almanya,2023,84548233.0,,593.766,7.023,,37598.492,0.043
Almanya,2024,84552234.0,,572.319,6.769,,37792.512,0.043
Yunanistan,1950,7651080.0,23091516943.0,4.128,0.539,0.179,,0.0
Yunanistan,1951,7712877.0,25133722898.0,4.575,0.593,0.182,,0.0
Yunanistan,1952,7775541.0,25303194000.0,4.797,0.617,0.19,,0.0
Yunanistan,1953,7841269.0,28774727485.0,4.885,0.623,0.17,,0.0
Yunanistan,1954,7910864.0,29671336119.0,5.082,0.642,0.171,,0.0
Yunanistan,1955,7984712.0,31917911110.0,5.953,0.746,0.187,,0.0
Yunanistan,1956,8060991.0,34637759860.0,6.286,0.78,0.181,,0.0
Yunanistan,1957,8136981.0,36894464393.0,6.814,0.837,0.185,,0.0
Yunanistan,1958,8214992.0,38601687824.0,7.447,0.907,0.193,,0.0
Yunanistan,1959,8297715.0,40019053582.0,8.121,0.979,0.203,,0.0
Yunanistan,1960,8384484.0,41761937446.0,9.392,1.12,0.225,,0.0
Yunanistan,1961,8447008.0,45416653343.0,9.808,1.161,0.216,,0.0
Yunanistan,1962,8473374.0,47115797663.0,10.152,1.198,0.215,,0.0
Yunanistan,1963,8488371.0,51912264250.0,12.239,1.442,0.236,,0.0
Yunanistan,1964,8504000.0,56177339920.0,13.202,1.552,0.235,,0.0
Yunanistan,1965,8521368.0,61451243327.0,16.999,1.995,0.277,9287.967,0.0
Yunanistan,1966,8579991.0,65205340849.0,18.621,2.17,0.286,10099.086,0.0
Yunanistan,1967,8655153.0,68790155578.0,19.504,2.253,0.284,11022.073,0.0
Yunanistan,1968,8717916.0,73369978458.0,22.286,2.556,0.304,11371.79,0.0
Yunanistan,1969,8747069.0,80630470908.0,25.434,2.908,0.315,11972.224,0.0
Yunanistan,1970,8747778.0,87048776074.0,24.126,2.758,0.277,13301.969,0.0
Yunanistan,1971,8787031.0,93246910526.0,27.75,3.158,0.298,15776.968,0.0
Yunanistan,1972,8849379.0,104841366430.0,31.477,3.557,0.3,17573.717,0.001
Yunanistan,1973,8893404.0,108952706609.0,37.131,4.175,0.341,20119.812,0.001
Yunanistan,1974,8929111.0,104999066593.0,36.062,4.039,0.343,19591.873,0.001
Yunanistan,1975,9016969.0,111353885381.0,38.67,4.289,0.347,21990.723,0.001
Yunanistan,1976,9160211.0,118430933161.0,42.656,4.657,0.36,23915.809,0.001
Yunanistan,1977,9282025.0,122480960308.0,46.657,5.027,0.381,24476.354,0.001
Yunanistan,1978,9389966.0,130699231523.0,47.682,5.078,0.365,24620.178,0.001
Yunanistan,1979,9526008.0,135518423132.0,50.819,5.335,0.375,21313.914,0.001
Yunanistan,1980,9653419.0,137887819824.0,50.889,5.272,0.369,20832.801,0.001
Yunanistan,1981,9754398.0,137962177460.0,50.125,5.139,0.363,20146.57,0.001
Yunanistan,1982,9837470.0,138508058074.0,51.509,5.236,0.372,20247.398,0.001
Yunanistan,1983,9911493.0,139066318621.0,54.789,5.528,0.394,20208.74,0.001
Yunanistan,1984,9978779.0,142899252766.0,56.285,5.64,0.394,20958.238,0.001
Yunanistan,1985,10037038.0,147360306005.0,59.772,5.955,0.406,22009.533,0.001
Yunanistan,1986,10088766.0,149738266153.0,58.275,5.776,0.389,21943.23,0.001
Yunanistan,1987,10134533.0,149058782062.0,62.576,6.175,0.42,23886.674,0.001
Yunanistan,1988,10177007.0,155690542546.0,67.052,6.589,0.431,25115.494,0.001
Yunanistan,1989,10218041.0,161665833838.0,73.227,7.166,0.453,27115.736,0.001
Yunanistan,1990,10258494.0,161708974933.0,83.437,8.133,0.516,28007.275,0.001
Yunanistan,1991,10306645.0,167630714744.0,83.406,8.092,0.498,28281.008,0.001
Yunanistan,1992,10359895.0,170259945599.0,84.974,8.202,0.499,28631.41,0.001
Yunanistan,1993,10412752.0,168977989489.0,84.283,8.094,0.499,28861.805,0.001
Yunanistan,1994,10466266.0,173829055414.0,86.429,8.258,0.497,29202.715,0.001
Yunanistan,1995,10519233.0,178710456938.0,86.962,8.267,0.487,30115.697,0.001
Yunanistan,1996,10570083.0,185480705042.0,89.114,8.431,0.48,30728.293,0.001
Yunanistan,1997,10622327.0,195536972604.0,93.801,8.831,0.48,31447.324,0.001
Yunanistan,1998,10675411.0,204984690770.0,98.621,9.238,0.481,33232.719,0.001
Yunanistan,1999,10727953.0,213181329734.0,97.934,9.129,0.459,33063.609,0.001
Yunanistan,2000,10782638.0,223530895992.0,102.973,9.55,0.461,34597.48,0.001
Yunanistan,2001,10843166.0,234861781413.0,105.361,9.717,0.449,34678.547,0.001
Yunanistan,2002,10890287.0,246267119689.0,105.0,9.642,0.426,34560.207,0.001
Yunanistan,2003,10918467.0,262880256421.0,109.067,9.989,0.415,36480.949,0.001
Yunanistan,2004,10947369.0,278667908011.0,109.485,10.001,0.393,36376.992,0.002
Yunanistan,2005,10981340.0,282859759866.0,113.889,10.371,0.403,36389.562,0.002
Yunanistan,2006,11016107.0,301538680337.0,112.419,10.205,0.373,37336.773,0.002
Yunanistan,2007,11045737.0,314210147911.0,114.545,10.37,0.365,37964.91,0.002
Yunanistan,2008,11076874.0,315974328109.0,111.08,10.028,0.352,37157.152,0.002
Yunanistan,2009,11108067.0,305101334774.0,104.319,9.391,0.342,35685.582,0.002
Yunanistan,2010,11124666.0,290984350750.0,97.354,8.751,0.335,34017.863,0.002
Yunanistan,2011,11108838.0,266793942822.0,94.505,8.507,0.354,33422.445,0.002
Yunanistan,2012,11048291.0,247887031358.0,91.393,8.272,0.369,31615.93,0.002
Yunanistan,2013,10967534.0,241650188710.0,81.713,7.45,0.338,29934.105,0.002
Yunanistan,2014,10893169.0,242799798246.0,78.636,7.219,0.324,28266.357,0.002
Yunanistan,2015,10820902.0,242323725826.0,74.927,6.924,0.309,28807.496,0.002
Yunanistan,2016,10775506.0,241143085639.0,71.36,6.622,0.296,28489.859,0.002
Yunanistan,2017,10753532.0,243776808141.0,74.842,6.96,0.307,29962.0,0.002
Yunanistan,2018,10730846.0,247844015413.0,71.778,6.689,0.29,30199.467,0.002
Yunanistan,2019,10718581.0,252514250712.0,65.736,6.133,0.26,29564.295,0.002
Yunanistan,2020,10699370.0,229777821500.0,55.577,5.194,0.242,25885.273,0.002
Yunanistan,2021,10579561.0,249158215293.0,57.528,5.438,0.231,28596.289,0.002
Yunanistan,2022,10412481.0,263892672733.0,57.609,5.533,0.218,30188.217,0.002
Yunanistan,2023,10242910.0,,51.988,5.076,,29864.279,0.002
Yunanistan,2024,10047813.0,,53.361,5.311,,31965.838,0.002
Hindistan,1950,346278818.0,354333000000.0,60.943,0.176,0.172,,0.007
Hindistan,1951,353870058.0,362445000000.0,63.806,0.18,0.176,,0.007
Hindistan,1952,361874906.0,373116000000.0,67.249,0.186,0.18,,0.007
Hindistan,1953,370104570.0,396813000000.0,68.608,0.185,0.173,,0.007
Hindistan,1954,378687141.0,413406000000.0,72.307,0.191,0.175,,0.008
Hindistan,1955,387700892.0,423654000000.0,78.694,0.203,0.186,,0.008
Hindistan,1956,396988905.0,447917000000.0,81.619,0.206,0.182,,0.008
Hindistan,1957,406253895.0,443356000000.0,91.618,0.226,0.207,,0.008
Hindistan,1958,415777436.0,476938000000.0,95.801,0.23,0.201,,0.009
Hindistan,1959,425780669.0,486918000000.0,101.436,0.238,0.208,,0.009
Hindistan,1960,435990342.0,520800000000.0,111.32,0.255,0.214,,0.009
Hindistan,1961,446564731.0,536352000000.0,120.399,0.27,0.224,,0.009
Hindistan,1962,457283091.0,548432000000.0,132.58,0.29,0.242,,0.009
Hindistan,1963,468138576.0,576288000000.0,142.439,0.304,0.247,,0.01
Hindistan,1964,479229599.0,620466000000.0,139.483,0.291,0.225,,0.01
Hindistan,1965,490140142.0,596065000000.0,153.697,0.314,0.258,1263.825,0.01
Hindistan,1966,500740250.0,601425000000.0,159.371,0.318,0.265,1274.94,0.01
Hindistan,1967,511606377.0,650716000000.0,159.557,0.312,0.245,1286.992,0.01
Hindistan,1968,522716893.0,668220000000.0,174.071,0.333,0.26,1346.781,0.011
Hindistan,1969,533880545.0,712563000000.0,177.411,0.332,0.249,1461.818,0.011
Hindistan,1970,545864271.0,748744000000.0,181.724,0.333,0.243,1399.141,0.011
Hindistan,1971,558096385.0,755656000000.0,191.965,0.344,0.254,1423.385,0.011
Hindistan,1972,570482138.0,753543000000.0,203.037,0.356,0.269,1465.179,0.011
Hindistan,1973,583465599.0,788800000000.0,209.096,0.358,0.265,1462.509,0.011
Hindistan,1974,597041391.0,796992000000.0,215.854,0.362,0.271,1514.112,0.012
Hindistan,1975,611309536.0,868010000000.0,234.21,0.383,0.27,1590.048,0.012
Hindistan,1976,625861887.0,878540000000.0,244.75,0.391,0.279,1628.88,0.012
Hindistan,1977,640801106.0,947196000000.0,258.962,0.404,0.273,1682.769,0.012
Hindistan,1978,655728226.0,997920000000.0,263.15,0.401,0.264,1709.508,0.012
Hindistan,1979,671155746.0,947528000000.0,276.285,0.412,0.292,1762.57,0.013
Hindistan,1980,687354029.0,1015105000000.0,291.714,0.424,0.287,1772.884,0.013
Hindistan,1981,703696251.0,1077444000000.0,314.969,0.448,0.292,1917.425,0.013
Hindistan,1982,720313473.0,1111560000000.0,325.383,0.452,0.293,1854.816,0.013
Hindistan,1983,737372683.0,1202349000000.0,352.205,0.478,0.293,1905.482,0.014
Hindistan,1984,754875449.0,1248910000000.0,361.569,0.479,0.29,1988.3,0.014
Hindistan,1985,772647800.0,1298600000000.0,397.601,0.515,0.306,2050.433,0.014
Hindistan,1986,790689977.0,1353105000000.0,426.318,0.539,0.315,2144.444,0.014
Hindistan,1987,808931268.0,1412884000000.0,455.355,0.563,0.322,2228.686,0.015
Hindistan,1988,827342994.0,1560090000000.0,491.7,0.594,0.315,2371.811,0.015
Hindistan,1989,846039528.0,1663728000000.0,540.662,0.639,0.325,2533.468,0.015
Hindistan,1990,864972221.0,1750993000000.0,577.987,0.668,0.33,2659.855,0.016
Hindistan,1991,883927605.0,1768493598375.0,615.388,0.696,0.348,2746.45,0.016
Hindistan,1992,902957075.0,1851711465033.0,655.424,0.726,0.354,2827.125,0.016
Hindistan,1993,922118380.0,1944353884791.0,677.262,0.734,0.348,2837.215,0.017
Hindistan,1994,941163772.0,2055026658036.0,714.043,0.759,0.347,2929.481,0.017
Hindistan,1995,960301046.0,2189535837458.0,760.48,0.792,0.347,3085.614,0.017
Hindistan,1996,979678460.0,2345228680352.0,823.602,0.841,0.351,3145.554,0.018
Hindistan,1997,999133764.0,2426804815330.0,857.976,0.859,0.354,3254.829,0.018
Hindistan,1998,1018665080.0,2567853125008.0,875.783,0.86,0.341,3386.291,0.019
Hindistan,1999,1038225822.0,2710353015518.0,961.194,0.926,0.355,3415.791,0.019
Hindistan,2000,1057922731.0,2804478499774.0,987.065,0.933,0.352,3521.43,0.02
Hindistan,2001,1077898579.0,2940745466088.0,1001.198,0.929,0.34,3470.525,0.02
Hindistan,2002,1097600380.0,3024984520809.0,1032.75,0.941,0.341,3526.61,0.021
Hindistan,2003,1116803000.0,3251114494190.0,1068.398,0.957,0.329,3589.451,0.021
Hindistan,2004,1135991509.0,3495022816540.0,1134.611,0.999,0.325,3831.588,0.022
Hindistan,2005,1154676321.0,3752627653422.0,1195.393,1.035,0.319,3991.09,0.022
Hindistan,2006,1172878888.0,4069856052453.0,1293.321,1.103,0.318,4139.273,0.023
Hindistan,2007,1190676028.0,4403215224414.0,1393.485,1.17,0.316,4425.184,0.024
Hindistan,2008,1207930960.0,4649548164533.0,1490.366,1.234,0.321,4616.596,0.024
Hindistan,2009,1225524764.0,4993478894185.0,1613.328,1.316,0.323,4886.388,0.025
Hindistan,2010,1243481565.0,5361371354007.0,1678.53,1.35,0.313,5024.514,0.026
Hindistan,2011,1261224956.0,5720692888000.0,1765.695,1.4,0.309,5222.708,0.027
Hindistan,2012,1278674501.0,6052427493607.0,1926.986,1.507,0.318,5425.75,0.028
Hindistan,2013,1295829507.0,6424470752490.0,1995.337,1.54,0.311,5527.781,0.029
Hindistan,2014,1312277184.0,6875186158349.0,2148.052,1.637,0.312,5831.643,0.03
Hindistan,2015,1328024494.0,7391521519812.0,2231.817,1.681,0.302,5943.03,0.031
Hindistan,2016,1343944296.0,8057465593010.0,2352.54,1.75,0.292,6148.213,0.032
Hindistan,2017,1359657398.0,8550029645172.0,2425.722,1.784,0.284,6304.287,0.033
Hindistan,2018,1374659067.0,9173201683791.0,2595.227,1.888,0.283,6593.169,0.034
Hindistan,2019,1389030307.0,9595463242427.0,2611.175,1.88,0.272,6682.068,0.035
Hindistan,2020,1402617694.0,8945313249462.0,2422.732,1.727,0.271,6268.437,0.036
Hindistan,2021,1414203896.0,9801621018003.0,2675.778,1.892,0.273,6749.358,0.037
Hindistan,2022,1425423209.0,10476248645535.0,2831.132,1.986,0.27,7057.187,0.039
Hindistan,2023,1438069597.0,,3062.756,2.13,,7529.44,0.04
Hindistan,2024,1450935785.0,,3193.478,2.201,,7812.928,0.041
İran,1950,16510553.0,44850894000.0,9.601,0.581,0.214,,0.001
İran,1951,16921282.0,44840294359.0,6.914,0.409,0.154,,0.001
İran,1952,17344436.0,44843149695.0,4.092,0.236,0.091,,0.001
İran,1953,17778109.0,44886632476.0,3.829,0.215,0.085,,0.001
İran,1954,18226205.0,44884368375.0,1.044,0.057,0.023,,0.001
İran,1955,18700800.0,44862809115.0,15.813,0.846,0.352,,0.001
İran,1956,19204391.0,48871698175.0,22.808,1.188,0.467,,0.001
İran,1957,19726844.0,55700860113.0,21.8,1.105,0.391,,0.001
İran,1958,20266508.0,62178753076.0,25.229,1.245,0.406,,0.001
İran,1959,20846777.0,67527564515.0,25.569,1.227,0.379,,0.001
İran,1960,21470433.0,74059073005.0,37.359,1.74,0.504,,0.001
İran,1961,22125729.0,80338485496.0,36.509,1.65,0.454,,0.001
İran,1962,22807908.0,81892025187.0,37.428,1.641,0.457,,0.001
İran,1963,23519008.0,90921961382.0,41.305,1.756,0.454,,0.001
İran,1964,24262863.0,97500512097.0,47.519,1.959,0.487,,0.001
İran,1965,25036982.0,109475800625.0,53.718,2.146,0.491,3885.868,0.001
İran,1966,25829273.0,120466928355.0,64.103,2.482,0.532,4105.297,0.001
İran,1967,26628430.0,134024240734.0,67.881,2.549,0.506,4380.706,0.001
İran,1968,27437391.0,154230441263.0,82.33,3.001,0.534,4674.292,0.001
İran,1969,28273483.0,174223159406.0,83.039,2.937,0.477,4978.35,0.001
İran,1970,29145099.0,192659383855.0,91.787,3.149,0.476,5697.054,0.001
İran,1971,30029069.0,216529776000.0,101.628,3.384,0.469,6056.818,0.001
İran,1972,30921178.0,251717221253.0,106.015,3.429,0.421,6669.136,0.001
İran,1973,31839835.0,273301948734.0,129.475,4.066,0.474,7740.961,0.001
İran,1974,32796453.0,297538961542.0,143.772,4.384,0.483,8521.274,0.002
İran,1975,33802971.0,311929458003.0,139.214,4.118,0.446,9633.732,0.002
İran,1976,34837282.0,365375401171.0,156.49,4.492,0.428,10519.447,0.002
İran,1977,35933181.0,360749420839.0,163.806,4.559,0.454,11547.531,0.002
İran,1978,37126534.0,318003256796.0,162.289,4.371,0.51,10926.728,0.002
İran,1979,38424956.0,290524362906.0,163.137,4.246,0.562,11398.028,0.002
İran,1980,39842323.0,249697463468.0,120.695,3.029,0.483,10191.557,0.002
İran,1981,41989316.0,242198929683.0,113.273,2.698,0.468,9705.724,0.002
İran,1982,44272140.0,280254598203.0,138.132,3.12,0.493,10389.114,0.002
İran,1983,46029540.0,317242867718.0,150.028,3.259,0.473,11864.153,0.002
İran,1984,47793999.0,322589094761.0,150.401,3.147,0.466,12348.089,0.002
İran,1985,49582289.0,330378097328.0,160.486,3.237,0.486,12987.326,0.002
İran,1986,51446046.0,299361778375.0,148.305,2.883,0.495,11726.332,0.002
İran,1987,53323491.0,294831460492.0,159.34,2.988,0.54,12128.986,0.002
İran,1988,55072691.0,278182811296.0,175.958,3.195,0.633,11976.522,0.003
İran,1989,56704920.0,288903877046.0,191.114,3.37,0.662,12714.513,0.003
İran,1990,58380098.0,318478243281.0,211.075,3.616,0.663,13896.569,0.003
İran,1991,59986931.0,376283104666.0,223.042,3.718,0.593,14673.675,0.003
İran,1992,61184982.0,424984709524.0,228.194,3.73,0.537,15909.522,0.003
İran,1993,61403548.0,419990120256.0,236.993,3.86,0.564,14669.319,0.003
İran,1994,61520598.0,419488447798.0,264.822,4.305,0.631,16396.867,0.003
İran,1995,62205571.0,437566117340.0,270.875,4.355,0.619,17007.227,0.003
İran,1996,62881298.0,483475486274.0,276.62,4.399,0.572,18302.475,0.003
İran,1997,63639637.0,512736336735.0,269.263,4.231,0.525,18638.291,0.004
İran,1998,64519866.0,541099749969.0,305.642,4.737,0.565,19149.244,0.004
İran,1999,65445389.0,563869043718.0,374.452,5.722,0.664,20346.25,0.004
İran,2000,66418661.0,595554549032.0,367.213,5.529,0.617,21026.74,0.004
İran,2001,67452005.0,636570203280.0,389.912,5.781,0.613,22121.531,0.004
İran,2002,68011318.0,698059655739.0,397.031,5.838,0.569,23913.191,0.004
İran,2003,68769343.0,779969698412.0,410.967,5.976,0.527,24083.326,0.005
İran,2004,70256316.0,849441950372.0,442.119,6.293,0.52,26075.348,0.005
İran,2005,71828455.0,908856025194.0,466.795,6.499,0.514,27012.971,0.005
İran,2006,73392747.0,995245162302.0,501.015,6.826,0.503,28889.373,0.005
İran,2007,74602648.0,1098784519617.0,507.771,6.806,0.462,30213.291,0.005
İran,2008,75514201.0,1132365762681.0,528.528,6.999,0.467,30767.291,0.006
İran,2009,76457831.0,1208128386676.0,543.406,7.107,0.45,31118.98,0.006
İran,2010,77420851.0,1310507059384.0,561.496,7.253,0.428,31753.627,0.006
İran,2011,78383602.0,1345049307937.0,576.366,7.353,0.429,32584.848,0.006
İran,2012,79370583.0,1324570752684.0,599.278,7.55,0.452,32428.09,0.007
İran,2013,80414689.0,1287095594893.0,609.997,7.586,0.474,33255.664,0.007
İran,2014,81502045.0,1352737013920.0,644.228,7.904,0.476,34196.25,0.007
İran,2015,82619365.0,1331012211481.0,641.959,7.77,0.482,33441.344,0.008
İran,2016,83812230.0,1413723685657.0,644.68,7.692,0.456,34845.238,0.008
İran,2017,85026761.0,1486668357750.0,696.407,8.19,0.468,35561.832,0.008
İran,2018,86117999.0,1483607175221.0,664.523,7.716,0.448,36251.887,0.008
İran,2019,87051649.0,1438754460224.0,727.269,8.354,0.505,37875.234,0.009
İran,2020,87723448.0,1446203709942.0,745.596,8.499,0.516,39001.836,0.009
İran,2021,88455490.0,1525523070071.0,779.525,8.813,0.511,38159.27,0.009
İran,2022,89524247.0,1572209055082.0,767.178,8.57,0.488,38985.188,0.01
İran,2023,90608708.0,,789.676,8.715,,39688.281,0.01
İran,2024,91567737.0,,792.631,8.656,,39203.609,0.011
Türkiye,1950,21021142.0,43911886798.0,9.488,0.451,0.216,,0.001
Türkiye,1951,21643878.0,49817798830.0,10.184,0.471,0.204,,0.001
Türkiye,1952,22290093.0,56078379246.0,10.474,0.47,0.187,,0.001
Türkiye,1953,22958552.0,62669765390.0,12.965,0.565,0.207,,0.001
Türkiye,1954,23636110.0,61217097003.0,13.433,0.568,0.219,,0.001
Türkiye,1955,24310513.0,66494146640.0,13.619,0.56,0.205,,0.001
Türkiye,1956,25057603.0,69084524613.0,14.362,0.573,0.208,,0.001
Türkiye,1957,25880920.0,74959143203.0,15.97,0.617,0.213,,0.001
Türkiye,1958,26704966.0,78801426357.0,16.035,0.6,0.203,,0.001
Türkiye,1959,27526336.0,82888105957.0,17.192,0.625,0.207,,0.001
Türkiye,1960,28329895.0,85808265246.0,16.799,0.593,0.196,,0.001
Türkiye,1961,29119235.0,87728589171.0,17.341,0.596,0.198,,0.001
Türkiye,1962,29916149.0,93596080671.0,21.605,0.722,0.231,,0.001
Türkiye,1963,30726846.0,102938110652.0,22.64,0.737,0.22,,0.001
Türkiye,1964,31543074.0,107828078666.0,26.306,0.834,0.244,,0.001
Türkiye,1965,32345213.0,111220451968.0,27.353,0.846,0.246,2826.797,0.001
Türkiye,1966,33177679.0,124959745875.0,31.506,0.95,0.252,3162.253,0.001
Türkiye,1967,34050420.0,131273062160.0,33.479,0.983,0.255,3187.732,0.001
Türkiye,1968,34921681.0,140827131703.0,36.265,1.038,0.258,3620.291,0.002
Türkiye,1969,35787778.0,149141534105.0,38.753,1.083,0.26,3856.816,0.002
Türkiye,1970,36638458.0,157265367609.0,42.579,1.162,0.271,4003.521,0.002
Türkiye,1971,37518610.0,172474534238.0,47.644,1.27,0.276,4328.081,0.002
Türkiye,1972,38430215.0,184802765953.0,53.736,1.398,0.291,4720.918,0.002
Türkiye,1973,39329533.0,194442379101.0,59.332,1.509,0.305,5227.694,0.002
Türkiye,1974,40210234.0,211512796257.0,60.961,1.516,0.288,5214.504,0.002
Türkiye,1975,41053123.0,231789908328.0,65.463,1.595,0.282,5692.283,0.002
Türkiye,1976,41899990.0,253392368632.0,73.42,1.752,0.29,6281.503,0.002
Türkiye,1977,42773301.0,265743913359.0,81.2,1.898,0.306,6735.128,0.002
Türkiye,1978,43645306.0,274794563281.0,76.814,1.76,0.28,6988.749,0.002
Türkiye,1979,44510430.0,274002543890.0,75.139,1.688,0.274,6453.811,0.002
Türkiye,1980,45408818.0,273441194023.0,75.318,1.659,0.275,6573.563,0.002
Türkiye,1981,46321190.0,286816306359.0,79.321,1.712,0.277,6502.196,0.002
Türkiye,1982,47322104.0,302868955511.0,86.361,1.825,0.285,6945.618,0.002
Türkiye,1983,48447413.0,315758770277.0,89.956,1.857,0.285,7011.983,0.002
Türkiye,1984,49574065.0,335720503375.0,95.093,1.918,0.283,7215.545,0.002
Türkiye,1985,50687118.0,354837207539.0,105.878,2.089,0.298,7617.173,0.002
Türkiye,1986,51777768.0,381728509675.0,115.872,2.238,0.304,8125.164,0.002
Türkiye,1987,52843671.0,417316000921.0,128.748,2.436,0.309,9075.704,0.002
Türkiye,1988,53909628.0,435877005093.0,125.065,2.32,0.287,9782.754,0.003
Türkiye,1989,54976719.0,443256143906.0,137.933,2.509,0.311,9415.124,0.003
Türkiye,1990,56015627.0,486761175773.0,154.572,2.759,0.318,10020.523,0.003
Türkiye,1991,57009892.0,498030901697.0,161.126,2.826,0.324,10053.146,0.003
Türkiye,1992,57990121.0,535075772045.0,167.234,2.884,0.313,10394.637,0.003
Türkiye,1993,58999164.0,586262069548.0,174.291,2.954,0.297,11105.725,0.003
Türkiye,1994,60033832.0,562010879560.0,170.592,2.842,0.304,10569.057,0.003
Türkiye,1995,61024501.0,610881311777.0,184.675,3.026,0.302,11636.42,0.003
Türkiye,1996,61951134.0,662700429389.0,203.098,3.278,0.306,12504.012,0.003
Türkiye,1997,62852968.0,722433616413.0,215.512,3.429,0.298,12891.698,0.003
Türkiye,1998,63734385.0,754598720693.0,215.586,3.383,0.286,13033.552,0.003
Türkiye,1999,64591916.0,725083487631.0,211.238,3.27,0.291,12523.523,0.004
Türkiye,2000,65425957.0,785054993224.0,232.934,3.56,0.297,13198.735,0.004
Türkiye,2001,66245125.0,732284634333.0,216.872,3.274,0.296,11841.918,0.004
Türkiye,2002,67048792.0,796073298321.0,224.32,3.346,0.282,12814.346,0.004
Türkiye,2003,67831735.0,848549642280.0,239.849,3.536,0.283,13406.965,0.004
Türkiye,2004,68592621.0,931152861082.0,247.843,3.613,0.266,14197.467,0.004
Türkiye,2005,69329557.0,1017383777200.0,267.711,3.861,0.263,14367.83,0.004
Türkiye,2006,70045351.0,1096826103018.0,285.429,4.075,0.26,15776.228,0.004
Türkiye,2007,70750593.0,1158406990670.0,316.497,4.473,0.273,16589.539,0.004
Türkiye,2008,71562343.0,1179868355277.0,312.628,4.369,0.265,16442.74,0.005
Türkiye,2009,72464846.0,1122756788420.0,318.568,4.396,0.284,16459.547,0.005
Türkiye,2010,73346766.0,1240496805446.0,318.71,4.345,0.257,17085.506,0.005
Türkiye,2011,74215203.0,1364782716000.0,344.215,4.638,0.252,18015.533,0.005
Türkiye,2012,75197196.0,1430132002360.0,358.645,4.769,0.251,18897.527,0.005
Türkiye,2013,76403032.0,1551491738617.0,350.634,4.589,0.226,18483.398,0.005
Türkiye,2014,78036154.0,1628131977724.0,367.272,4.706,0.226,18636.939,0.005
Türkiye,2015,80014222.0,1727192876718.0,387.704,4.845,0.224,19859.234,0.006
Türkiye,2016,81652087.0,1784590365590.0,405.552,4.967,0.227,20443.309,0.006
Türkiye,2017,83083667.0,1918472081554.0,430.622,5.183,0.224,21512.551,0.006
Türkiye,2018,84415966.0,1975637604336.0,423.818,5.021,0.215,21179.322,0.006
Türkiye,2019,85357670.0,1991116616493.0,406.568,4.763,0.204,21663.299,0.006
Türkiye,2020,86091691.0,2029749392174.0,416.328,4.836,0.205,21161.5,0.007
Türkiye,2021,86686254.0,2260196231771.0,457.377,5.276,0.202,22505.564,0.007
Türkiye,2022,87058469.0,2385996374127.0,443.603,5.095,0.186,22617.557,0.007
Türkiye,2023,87270502.0,,486.945,5.58,,22476.043,0.007
Türkiye,2024,87473800.0,,513.035,5.865,,23927.826,0.007
ABD,1950,154202683.0,2320610040000.0,2541.485,16.481,1.095,,0.086
ABD,1951,156481323.0,2497407750000.0,2618.704,16.735,1.049,,0.088
ABD,1952,158794223.0,2590801532000.0,2551.216,16.066,0.985,,0.089
ABD,1953,161168320.0,2709832728000.0,2612.971,16.213,0.964,,0.09
ABD,1954,163636303.0,2691885312000.0,2489.462,15.213,0.925,,0.092
ABD,1955,166200028.0,2882221470000.0,2728.508,16.417,0.947,,0.093
ABD,1956,168824962.0,2938405491000.0,2859.988,16.941,0.973,,0.094
ABD,1957,171499234.0,2993553504000.0,2835.772,16.535,0.947,,0.096
ABD,1958,174215305.0,2963550372000.0,2747.108,15.768,0.927,,0.097
ABD,1959,177145772.0,3183157000000.0,2831.908,15.986,0.89,,0.099
ABD,1960,180274556.0,3262376247000.0,2897.308,16.072,0.888,,0.1
ABD,1961,183489491.0,3338583925000.0,2886.862,15.733,0.865,,0.101
ABD,1962,186724275.0,3539745088000.0,2993.898,16.034,0.846,,0.103
ABD,1963,189825225.0,3692868388000.0,3126.484,16.47,0.847,,0.104
ABD,1964,192819457.0,3906860040000.0,3264.306,16.929,0.836,,0.106
ABD,1965,195653774.0,4156141170000.0,3399.539,17.375,0.818,73802.305,0.107
ABD,1966,198265400.0,4428300240000.0,3571.417,18.013,0.806,76903.805,0.109
ABD,1967,200699913.0,4538979504000.0,3705.461,18.463,0.816,78617.57,0.111
ABD,1968,203011020.0,4754925846000.0,3840.923,18.92,0.808,82357.039,0.113
ABD,1969,205300034.0,4903770015000.0,4035.156,19.655,0.823,85647.445,0.115
ABD,1970,207796338.0,4912635816000.0,4339.704,20.884,0.883,87613.859,0.117
ABD,1971,210426423.0,5065682434000.0,4365.483,20.746,0.862,88339.711,0.119
ABD,1972,212842571.0,5334296944000.0,4573.034,21.486,0.857,91683.172,0.121
ABD,1973,215006548.0,5637203218000.0,4777.725,22.221,0.848,94600.812,0.124
ABD,1974,217076475.0,5621366244000.0,4608.462,21.23,0.82,91408.375,0.126
ABD,1975,219129299.0,5605795188000.0,4414.455,20.145,0.787,88164.75,0.128
ABD,1976,221168755.0,5899591030000.0,4621.539,20.896,0.783,92131.039,0.13
ABD,1977,223259417.0,6166912239000.0,4749.501,21.273,0.77,93593.57,0.132
ABD,1978,225396097.0,6518624310000.0,4897.339,21.728,0.751,94763.359,0.135
ABD,1979,227575082.0,6740172195000.0,4908.766,21.57,0.728,94845.18,0.137
ABD,1980,229858656.0,6743208466156.0,4730.218,20.579,0.701,90281.383,0.139
ABD,1981,232201613.0,6911865140375.0,4543.633,19.568,0.657,86726.758,0.141
ABD,1982,234583155.0,6782206459531.0,4311.918,18.381,0.636,82350.93,0.143
ABD,1983,236986362.0,7066236631843.0,4346.381,18.34,0.615,81230.547,0.145
ABD,1984,239353967.0,7581107970562.0,4479.379,18.714,0.591,84542.945,0.148
ABD,1985,241690438.0,7874872005718.0,4495.378,18.6,0.571,83512.805,0.15
ABD,1986,243953807.0,8146027887500.0,4498.136,18.438,0.552,83506.0,0.152
ABD,1987,246161292.0,8432566640312.0,4691.93,19.06,0.556,85534.43,0.154
ABD,1988,248393236.0,8787202692343.0,4897.776,19.718,0.557,88627.953,0.156
ABD,1989,250675047.0,9091291640062.0,4960.238,19.788,0.546,89944.43,0.159
ABD,1990,253373387.0,9250377579093.0,5131.761,20.254,0.555,89232.719,0.161
ABD,1991,256471424.0,9224688313722.0,5076.413,19.793,0.55,88039.898,0.163
ABD,1992,259606021.0,9552658514601.0,5178.77,19.949,0.542,88261.094,0.166
ABD,1993,262633229.0,9814940456277.0,5279.52,20.102,0.538,89083.875,0.168
ABD,1994,265474811.0,10211204686187.0,5361.863,20.197,0.525,89741.586,0.171
ABD,1995,268205796.0,10488856843750.0,5425.837,20.23,0.517,90763.953,0.173
ABD,1996,270860695.0,10886952373500.0,5601.094,20.679,0.514,92908.914,0.176
ABD,1997,273468014.0,11375561318703.0,5673.144,20.745,0.499,92713.203,0.178
ABD,1998,276119323.0,11881792533609.0,5736.36,20.775,0.483,92399.773,0.181
ABD,1999,278785482.0,12438444530000.0,5800.281,20.806,0.466,93136.398,0.184
ABD,2000,281484126.0,12947417795437.0,6023.158,21.398,0.465,94308.109,0.186
ABD,2001,284279634.0,13073810008320.0,5903.562,20.767,0.452,91172.055,0.189
ABD,2002,287084335.0,13307343638671.0,5947.819,20.718,0.447,91601.203,0.192
ABD,2003,289908091.0,13680911930765.0,6006.44,20.718,0.439,91004.992,0.195
ABD,2004,292786248.0,14198910513593.0,6111.545,20.874,0.43,91872.883,0.198
ABD,2005,295716666.0,14673826218839.0,6126.903,20.719,0.418,91007.938,0.2
ABD,2006,298730208.0,15065164240312.0,6045.326,20.237,0.401,89378.18,0.203
ABD,2007,301844223.0,15333183877566.0,6121.542,20.28,0.399,89671.125,0.206
ABD,2008,304970325.0,15288552732632.0,5919.221,19.409,0.387,86589.57,0.209
ABD,2009,308023452.0,14864003344421.0,5486.104,17.811,0.369,81521.477,0.211
ABD,2010,311062785.0,15239586726210.0,5669.25,18.225,0.372,83435.078,0.214
ABD,2011,314105075.0,15477885525000.0,5538.973,17.634,0.358,81912.359,0.216
ABD,2012,317115349.0,15830886903539.0,5331.467,16.812,0.337,78985.039,0.219
ABD,2013,320110752.0,16122472460312.0,5473.436,17.099,0.339,80374.148,0.221
ABD,2014,323115377.0,16491319003554.0,5531.385,17.119,0.335,80453.969,0.224
ABD,2015,326126496.0,16937633974582.0,5368.497,16.461,0.317,78949.203,0.226
ABD,2016,329179423.0,17220065720000.0,5245.362,15.935,0.305,78155.102,0.228
ABD,2017,332204657.0,17606124654726.0,5195.417,15.639,0.295,77729.664,0.231
ABD,2018,335056492.0,18124692769570.0,5361.236,16.001,0.296,79893.953,0.233
ABD,2019,337790069.0,18540552700117.0,5235.912,15.5,0.282,78683.469,0.236
ABD,2020,339436156.0,18027359681343.0,4689.954,13.817,0.26,72562.672,0.238
ABD,2021,340161438.0,19099378164000.0,5020.111,14.758,0.263,76307.383,0.24
ABD,2022,341534041.0,19493170182843.0,5055.403,14.802,0.259,77627.719,0.242
ABD,2023,343477330.0,,4918.407,14.319,,76326.859,0.245
ABD,2024,345426566.0,,4904.12,14.197,,76799.57,0.247
Dünya,1950,2493092852.0,8461551701531.0,5930.406,2.379,0.701,,0.297
Dünya,1951,2536927034.0,,6381.651,2.516,,,0.303
Dünya,1952,2584086340.0,,6467.7,2.503,,,0.309
Dünya,1953,2634106241.0,,6651.039,2.525,,,0.315
Dünya,1954,2685894857.0,,6789.734,2.528,,,0.322
Dünya,1955,2740213796.0,,7444.103,2.717,,,0.328
Dünya,1956,2795409991.0,,7926.275,2.835,,,0.336
Dünya,1957,2852618331.0,,8185.976,2.87,,,0.343
Dünya,1958,2911249671.0,,8417.517,2.891,,,0.35
Dünya,1959,2965950350.0,,8855.112,2.986,,,0.358
Dünya,1960,3015470889.0,13338076573731.0,9386.951,3.113,0.704,,0.366
Dünya,1961,3064869675.0,,9414.99,3.072,,,0.373
Dünya,1962,3123374312.0,,9747.241,3.121,,,0.381
Dünya,1963,3192807826.0,,10266.777,3.216,,,0.388
Dünya,1964,3264487343.0,,10824.47,3.316,,,0.396
Dünya,1965,3334533710.0,,11310.603,3.392,,13003.41,0.404
Dünya,1966,3404041131.0,,11862.625,3.485,,13434.752,0.412
Dünya,1967,3473412877.0,,12237.371,3.523,,13649.56,0.42
Dünya,1968,3545187246.0,,12905.273,3.64,,14173.228,0.428
Dünya,1969,3619491581.0,,13761.798,3.802,,14836.449,0.437
Dünya,1970,3694683794.0,21941934246399.0,14899.139,4.033,0.679,15475.645,0.447
Dünya,1971,3769847867.0,,15503.862,4.113,,15766.833,0.456
Dünya,1972,3844917684.0,,16224.579,4.22,,16308.279,0.466
Dünya,1973,3920805041.0,,17077.285,4.356,,16919.395,0.477
Dünya,1974,3996416100.0,,16997.912,4.253,,16689.08,0.487
Dünya,1975,4070735279.0,,16988.477,4.173,,16497.584,0.497
Dünya,1976,4144246382.0,,17862.492,4.31,,17070.598,0.508
Dünya,1977,4217863796.0,,18358.039,4.352,,17379.928,0.519
Dünya,1978,4292097499.0,,19024.742,4.433,,17748.674,0.53
Dünya,1979,4368539520.0,,19508.59,4.466,,18014.863,0.541
Dünya,1980,4447606240.0,31982615792285.0,19409.793,4.364,0.607,17539.898,0.552
Dünya,1981,4528777306.0,,18879.756,4.169,,17146.965,0.563
Dünya,1982,4612673415.0,,18729.742,4.06,,16753.32,0.574
Dünya,1983,4697327573.0,,18901.775,4.024,,16732.732,0.585
Dünya,1984,4782175518.0,,19457.25,4.069,,17174.082,0.597
Dünya,1985,4868943457.0,,20144.863,4.137,,17320.572,0.609
Dünya,1986,4958072839.0,,20438.045,4.122,,17385.945,0.621
Dünya,1987,5049746390.0,,21106.189,4.18,,17688.301,0.633
Dünya,1988,5141992540.0,,21918.756,4.263,,18021.527,0.645
Dünya,1989,5234431736.0,,22200.213,4.241,,18044.754,0.658
Dünya,1990,5327803106.0,43033605109062.0,22732.145,4.267,0.528,17991.711,0.67
Dünya,1991,5418735886.0,,23205.592,4.282,,17811.609,0.683
Dünya,1992,5505989815.0,,22520.424,4.09,,17636.227,0.696
Dünya,1993,5591544802.0,,22749.873,4.069,,17507.65,0.708
Dünya,1994,5675551258.0,,22974.598,4.048,,17467.422,0.721
Dünya,1995,5758878977.0,,23516.639,4.084,,17592.896,0.734
Dünya,1996,5842055730.0,,24233.477,4.148,,17844.033,0.748
Dünya,1997,5924787819.0,,24380.322,4.115,,17767.602,0.762
Dünya,1998,6007066691.0,,24295.713,4.045,,17621.312,0.776
Dünya,1999,6089006328.0,,24837.771,4.079,,17673.488,0.79
Dünya,2000,6171702992.0,59897670914608.0,25511.482,4.134,0.426,17890.75,0.804
Dünya,2001,6254936464.0,,25692.994,4.108,,17824.848,0.817
Dünya,2002,6337730343.0,,26265.332,4.144,,17970.854,0.831
Dünya,2003,6420361633.0,,27652.691,4.307,,18355.602,0.847
Dünya,2004,6503377774.0,,28610.023,4.399,,19042.68,0.862
Dünya,2005,6586970132.0,,29598.951,4.494,,19422.695,0.878
Dünya,2006,6671452019.0,,30594.152,4.586,,19708.033,0.894
Dünya,2007,6757308776.0,,31499.256,4.662,,20069.822,0.91
Dünya,2008,6844457659.0,,32049.66,4.683,,20049.713,0.927
Dünya,2009,6932766416.0,,31513.014,4.546,,19477.537,0.943
Dünya,2010,7021732143.0,89807710403740.0,33317.672,4.745,0.371,20166.256,0.961
Dünya,2011,7110923773.0,,34479.988,4.849,,20378.969,0.979
Dünya,2012,7201202478.0,,34954.734,4.854,,20413.594,0.997
Dünya,2013,7291793585.0,,35275.82,4.838,,20516.178,1.015
Dünya,2014,7381616239.0,,35465.695,4.805,,20488.625,1.033
Dünya,2015,7470491876.0,106871829405667.0,35403.527,4.739,0.331,20394.59,1.052
Dünya,2016,7558554527.0,110407200853028.0,35392.832,4.682,0.321,20403.568,1.07
Dünya,2017,7645617952.0,114529588369027.0,35974.609,4.705,0.314,20616.426,1.088
Dünya,2018,7729902779.0,118765812557841.0,36734.004,4.752,0.309,20932.492,1.106
Dünya,2019,7811293699.0,122149370355621.0,37086.566,4.748,0.304,20956.146,1.124
Dünya,2020,7887001289.0,118590021803593.0,35158.23,4.458,0.296,20032.188,1.142
Dünya,2021,7954448387.0,126004793520756.0,36866.863,4.635,0.293,20874.295,1.16
Dünya,2022,8021407196.0,130112562171125.0,37527.773,4.678,0.288,21076.293,1.179
Dünya,2023,8091734933.0,,38094.039,4.708,,21285.768,1.197
Dünya,2024,8161972574.0,,38598.578,4.729,,21653.723,1.216
